{
    "header": {
        "home": "الصفحة الرئيسية",
        "services": "خدمات",
        "packages": "الحزم",
        "startup": "أبدء",
        "business": "اعمال",
        "contact": "اتصال",
        "about": "حول"
    },
    "homepageSlides": {
        "itAgency": "وكالة تكنولوجيا المعلومات والتسويق الرقمي",
        "optimized": "حلولنا المثلى",
        "boost": "سوف تساعدك على تعزيز عملك"
    },
    "aboutHSD": {
        "aboutTitle": "HSD Media حول",
        "aboutPara1": "HSD هي شريك تقني. نحن نساعد الشركات على توسيع نطاق فرق تطوير البرامج الخاصة بهم. نحن نستفيد إلى أقصى حد من الخبرة التقنية لفهم احتياجات العملاء وأعمالهم لتقديم الدعم في مشاريعهم. يتمتع الفريق بخبرة هائلة في تطوير الويب وتطبيقات الهاتف المحمول والوسائط والتجارة الإلكترونية والتقنيات الجديدة.",
        "aboutPara2": "تجمع استراتيجيات التسويق الرقمي لدينا بين التكنولوجيا والإبداع لتحقيق أفضل النتائج الممكنة",
        "aboutPara3": "نقوم بإنشاء أكثر الاستراتيجيات الرقمية كفاءة للعلامات التجارية ، بناءً على مصادر البيانات التي تقدم قيمة: سجل الأداء ، وبيانات إدارة علاقات العملاء وبيانات الأعمال.",
        "aboutSEO": "تسويق محرك البحث",
        "aboutMarketTools": "أدوات تحليلات التسويق",
        "aboutBrandPlanning": "التخطيط الاستراتيجي للعلامة التجارية",
        "aboutPeformance": "أداء يعتمد على البيانات",
        "visionTitle": "رؤية",
        "visionPara": "باستخدام التفكير التصميمي والابتكار الرقمي ، نتشارك مع الشركات الناشئة والمؤسسات الناضجة لجعلها تتفوق",
        "missionTitle": "مهمة",
        "missionPara": "نريد لعملائنا تحقيق أهدافهم وتعزيز تأثيرهم",
        "goalTitle": "هدف",
        "goalPara": "منتجك هو شغفنا",
        "strategyTitle": "إستراتيجية",
        "strategyPara": "نتجاوز المشاريع قصيرة الأجل من خلال الشراكة مع المنظمة."
    },
    "ourServices": {
        "ourServicesTitle": "خدماتنا",
        "ourServicesPara": "نحن لا نقدم حلولًا إبداعية فحسب ، بل نقدم حلولًا سريعة بجودة عالية. نقوم بإجراء تقييم نوعي للسوق الحالي والمكان الذي تقف فيه حتى نتمكن من مساعدتك في استهداف عملائك الفعليين والمضي قدمًا في منافسيك.",
        "branding": "العلامة التجارية والشعار",
        "webApp": "تطوير الويب والتطبيقات",
        "digitalMarketing": "التسويق الرقمي",
        "VPS": "خادم الافتراضية الخاصة",
        "eCommerce": "حل التجارة الإلكترونية",
        "SEO": "محرك البحث الامثل"
    },
    "ourProcess": {
        "ourProcessTitle": "عملية العمل لدينا",
        "ourProcessPara": "كيف نعمل",
        "creativityTitle": "إبداع",
        "creativityPara": "لا يوجد ابتكار بدون إبداع. نقدم مظلة من الخدمات المتكاملة والحلول الإبداعية لتلبية متطلباتك.",
        "marketAnalysisTitle": "تحليل السوق",
        "marketAnalysisPara": "نقوم بإجراء تقييم نوعي للسوق الحالي والمكان الذي تقف فيه حتى نتمكن من مساعدتك في استهداف عملائك الفعليين والمضي قدمًا في منافسيك",
        "teamSupportTitle": "دعم فريق",
        "teamSupportPara": "تحتاج مساعدة؟ وفر الوقت من خلال الاتصال بفريق الدعم الذي نقدمه ، وسنقوم بتوصيلك بأحد الخبراء. فريق HSD لدينا هنا لمساعدتك على مدار الساعة طوال أيام الأسبوع.",
        "qualityTitle": "جودة",
        "qualityPara": "نحن لا نقدم حلولًا إبداعية فحسب ، بل نقدم حلولًا سريعة بجودة عالية."
    },
    "services": {
        "servicesTitle": "خدماتنا",
        "servicesSubHeading": "اترك لنا القليل من المعلومات وسنتواصل معك",
        "getInTouch": "ابقى على تواصل",
        "appDevTitle": "تطوير التطبيقات",
        "appDevDesc": "شهد تطوير تطبيقات الأجهزة المحمولة منحنى حادًا للغاية في العصر الحالي ، لذلك مع أخذ ذلك في الاعتبار ، نعمل على بناء تكنولوجيا الحاضر والمستقبل من خلال الاتفاقيات الصعبة وابتكار التكنولوجيا التي يمكن للجميع الاستفادة منها. نقوم بإنشاء تطبيقات للهاتف المحمول ببراعة من خلال تحليل عملك ، واستنباط متطلبات المنتج ، ونقدم لك حلاً مخصصًا فعال التكلفة في ظل رؤيتك واستراتيجية المنتج.",
        "digitalMarketingTitle": "التسويق الرقمي",
        "digitalMarketingDesc": "يتم دعم التسويق الرقمي في HSD بالبيانات وتدعمه الإبداع. في HSD ، نحن متحمسون لحل وتحليل البيانات من جميع أنحاء المشهد الرقمي. يمثل البحث المجاني (SEO) أفضل محاولة لجلب زيارات مؤهلة إلى مواقع الويب من خلال الإجابة على استفسارات المستخدمين. تشمل حملات تحسين محركات البحث (SEO) الخاصة بنا جميع المجالات ، بما في ذلك التقنية والمحتوى والتواصل. نعيد التأكيد على توسيع قاعدة عملائك وتحسين معدل التحويل باستخدام حركة المرور المحسّنة على موقع الويب في التحديثات المنتظمة",
        "eCommerceTitle": "حل التجارة الإلكترونية",
        "ecommerceDesc": "تحتاج كل مؤسسة إلى بنية أساسية قوية للتجارة الإلكترونية لتعمل عليها. بالنسبة للأعمال سريعة النمو ، من الضروري جدًا أن يتم إنشاء موقع الويب الخاص بك على نظام أساسي قادر على التعامل مع ملايين العملاء وكميات كبيرة من حركة مرور الويب. يعد النظام الأساسي الآمن الذي يضمن خصوصية المستخدم للبيانات الحساسة والحماية من التهديدات عبر الإنترنت عنصرًا محوريًا. HSD Media and Advertising هو الحل لأعمالك الكبيرة. نحن نقدم ميزات من الدرجة الأولى لإدارة الأعمال ، بما في ذلك مجموعة كاملة من أدوات التجارة الإلكترونية HSD.",
        "highPerf": "أداء عالٍ مع أقل وقت لتحميل الصفحة",
        "scalable": "القابلة للتطوير",
        "highAvail": "حلول السحابة عالية الإتاحة",
        "secure": "يؤمن",
        "24/7": "24/7 الدعم والمراقبة",
        "ux": "تجربة مستخدم أفضل",
        "webDevTitle": "تطوير الشبكة",
        "webDevDesc": "يقوم فريقنا المتخصص من مصممي الويب بإنشاء مواقع ويب قوية وجذابة للغاية. نحن ماهرون في إنشاء حلول ويب راقية وأنيقة. نتائجنا النهائية مصممة خصيصًا لتلائم متطلباتك.",
        "included": "المدرجة في خدماتنا",
        "webFeatResponsive": "تصميمات وميزات الويب سريعة الاستجابة",
        "webFeatAgile": "تطوير البرامج بتقنية أجيل",
        "webFeatOpti": "الصفحة المحسنة",
        "webFeatScale": "قابلة للتحجيم بطبيعتها",
        "webFeatSupport": "دعم على مدار الساعة طوال أيام الأسبوع",
        "webFeatSEO": "سهولة تحسين محرك البحث"
    },
    "contact": {
        "contactUsTitle": "اتصل بنا",
        "contactUsPara": "هل انت بحاجة الى اي مساعدة؟ هذا ما نحن هنا من أجله. يرجى إخبارنا باستفسارك ، وسنكون أكثر من سعداء لخدمتك. أو أخبرنا بمتطلباتك وسنخصص بعض الوقت للاجتماع.",
        "getQuote": "إقتبس",
        "sendMessage": "أرسل لنا رسالة",
        "name": "اسمك الكامل",
        "email": "عنوان بريد الكتروني",
        "subject": "موضوعات",
        "message": "رسالتك",
        "send": "إرسال",
        "respSuccess": "تم استلام الرسالة بنجاح",
        "thankYou": "أشكركم على الاتصال بنا",
        "respError": "حدثت مشكلة أثناء إرسال رسالتك",
        "tryAgain": "الرجاء معاودة المحاولة في وقت لاحق",
        "nameError": "رجاء ادخل اسما صحيحا",
        "emailError": "يرجى إدخال البريد الإلكتروني الصحيح",
        "subjectError": "مطلوب موضوع صالح",
        "messageError": "الرسالة مطلوبة",
        "close": "أغلق"
    },
    "footer": {
        "collaboration": "تعاون",
        "talk": "لنتحدث",
        "contactUs": "اتصل بنا",
        "footerNote": "نحن فريق من المبدعين المتحمسين للأفكار الفريدة ومساعدة الشركات الرقمية وشركات التكنولوجيا المتقدمة على إنشاء هوية مذهلة من خلال صياغة واجهة مستخدم / UX من الدرجة الأولى.",
        "footerAboutNote": "نحن في HSD Media نسعى جاهدين لتقديم أفضل ما تستحقه مع توقعاتك. نحن متحمسون لتسليم طاقتنا لمتطلباتك.",
        "services": "خدمات",
        "appDev": "تطوير التطبيقات",
        "eCommerce": "حلول التجارة الإلكترونية",
        "webDev": "تطوير الشبكة",
        "brandDev": "تطوير الماركة",
        "digitalMarketing": "التسويق الرقمي",
        "fromBlog": "من مدونتنا",
        "blog1": "كيف يمكن للتسويق الرقمي زيادة عائد الاستثمار",
        "blog2": "يمكن أن تساعدك منصة التجارة الإلكترونية الصحيحة في الوصول إلى الأماكن التي يقضي فيها الأشخاص وقتهم",
        "inTouch": "ابقى على تواصل",
        "mobileNum": "974-50066668+",
        "phoneNum": "974-40063336+",
        "address": "مدينة لوسيل البرجين التوأمين ، برج مارينا ، الطابق 29 ، رقم المكتب: 294 قطر",
        "email": "info@hsd-qatar.com",
        "timing": "السبت - الأربعاء 8:30 صباحًا إلى 5:30 مساءً الخميس 8:30 صباحًا إلى 2:30 مساءً",
        "allRights": "جميع الحقوق محفوظة © HSD Media 2021"
    }
}
