{
    "test": {
        "para1": "Apple",
        "para2": "Orange",
        "para3": "Banana"
    },
    "header": {
        "home": "Home",
        "services": "Services",
        "packages": "Packages",
        "startup": "Startup",
        "business": "Business",
        "contact": "Contact",
        "about": "About"
    },
    "homepageSlides": {
        "itAgency": "IT and Digital Marketing Agency",
        "optimized": "Our optimized solutions",
        "boost": "will help you boost your business"
    },
    "aboutHSD": {
        "aboutTitle": "About HSD Media",
        "aboutPara1": "HSD is a Technological Partner. We help companies scale their software development teams. We make the most of the tech expertise to understand the client’s needs and business to deliver support in their projects. The team enormous experience in Web Development, Mobile Applications, Media, e-commerce and new technologies.",
        "aboutPara2": "Our digital marketing strategies combine technology and creativity to make the best possible results",
        "aboutPara3": "We create the most efficient digital strategies for brands, based on data sources that deliver value: performance history, CRM data and business data.",
        "aboutSEO": "Search Engine Marketing",
        "aboutMarketTools": "Marketing Analytics Tools",
        "aboutBrandPlanning": "Brand Strategic Planning",
        "aboutPeformance": "Data Driven performance",
        "visionTitle": "Vision",
        "visionPara": "Using Design Thinking and Digital Innovation, we partner with startups and mature organizations to make them excel",
        "missionTitle": "Mission",
        "missionPara": "We want our Clients to achieve their goals and enhance their influence",
        "goalTitle": "Goal",
        "goalPara": "Your Product, Our Passion",
        "strategyTitle": "Strategy",
        "strategyPara": "We go beyond short-term projects by partnering with organization."
    },
    "ourServices": {
        "ourServicesTitle": "Our Services",
        "ourServicesPara": "We not only provide creative solutions, but quick solutions with quality. We do a qualitative assessment of current market and where you stand so that we can help you in targeting your actual customers and get ahead your competitors.",
        "branding": "Branding and Logo",
        "webApp": "Web & App Development",
        "digitalMarketing": "Digital Marketing",
        "VPS": "Virtual Private Server",
        "eCommerce": "eCommerce Solution",
        "SEO": "Search Engine Optimization"
    },
    "ourProcess": {
        "ourProcessTitle": "Our Working Process",
        "ourProcessPara": "How we work",
        "creativityTitle": "Creativity",
        "creativityPara": "There is no innovation without creativity. We offer an umbrella of integrated services and creative solutions to meet your requirements.",
        "marketAnalysisTitle": "Market Analysis",
        "marketAnalysisPara": "We do a qualitative assessment of current market and where you stand so that we can help you in targeting your actual customers and get ahead your competitors",
        "teamSupportTitle": "Team Support",
        "teamSupportPara": "Need help? Save time by contacting our support we’ll connect you with an expert. Our HSD Team is here to help you 24/7.",
        "qualityTitle": "Quality",
        "qualityPara": "We not only provide creative solutions, but quick solutions with quality."
    },
    "services": {
        "servicesTitle": "Our Services",
        "servicesSubHeading": "Leave us a little info and we'll be in touch",
        "getInTouch": "Get in touch",
        "appDevTitle": "App Development",
        "appDevDesc": "Mobile apps development has seen a very steep curve in the current era, so with keeping this in mind, we work to build the technology of present and future by challenging conventions and innovate technology that everyone can avail. We create mobile apps with eminence by analysing your business, elicit product requirements, and offer you a cost-effective customized solution under your vision and product strategy.",
        "digitalMarketingTitle": "Digital Marketing",
        "digitalMarketingDesc": "DIGITAL MARKETING AT HSD IS FUELLED BY DATA AND POWERED BY CREATIVITY. At HSD, we are passionate about crunching and analysing data from all over the digital landscape. Organic search (SEO) represents the best attempt to bring qualified traffic to websites by answering users’ queries. Our SEO campaigns encompass all areas, including technical, content and outreach. We reiterate by expanding your customer base and improving conversion rate using enhanced website traffic on regular updates",
        "eCommerceTitle": "eCommerce Solution",
        "ecommerceDesc": "Every organization needs a powerful ecommerce infrastructure to run on. For a fast-growing business, it's highly necessary that your website is built on a platform that is able to handle millions of customers and large amounts of web traffic. A secure platform assuring user’s privacy of sensitive data and protection from online threats is a pivotal element. HSD Media and Advertising is the solution for your large business. We provide top-of-class features for business management, including a full range of HSD ecommerce tools.",
        "highPerf": "High Performance With Minimal Page Load Time",
        "scalable": "Scalable",
        "highAvail": "High Availability Cloud Solution",
        "secure": "Secure",
        "24/7": "24/7 Support And Monitoring",
        "ux": "Better User Experience",
        "webDevTitle": "Web Development",
        "webDevDesc": "Our dedicated team of web designers create powerful and extremely attractive websites. We are skilled in creating classy yet elegant web solutions. Our end results are tailor-made to match your requirements.",
        "included": "Included in our services",
        "webFeatResponsive": "Responsive web designs and features",
        "webFeatAgile": "Agile Development",
        "webFeatOpti": "Optimized page",
        "webFeatScale": "Inherently Scalable",
        "webFeatSupport": "24/7 Support",
        "webFeatSEO": "SEO Friendly"
    },
    "contact": {
        "contactUsTitle": "Contact Us",
        "contactUsPara": "Are you in need of any help ? That's what we are here for. Please let us know about your query, and we will be more than happy to serve you. Or let us know about your requirements and we will set up some time for a meeting.",
        "getQuote": "Get a quote",
        "sendMessage": "Send us a message",
        "name": "Your Full Name",
        "email": "Email Address",
        "subject": "Subject",
        "message": "Your message",
        "send": "Send",
        "respSuccess": "Message received successfully",
        "thankYou": "Thank you for contacting us",
        "respError": "A problem occurred while sending your message",
        "tryAgain": "Please try again later",
        "nameError": "Please enter a valid name",
        "emailError": "Please enter a valid email",
        "subjectError": "Valid Subject is Required",
        "messageError": "Message is required",
        "close": "Close"
    },
    "footer": {
        "collaboration": "COLLABORATION",
        "talk": "Let’s talk.",
        "contactUs": "Contact Us",
        "footerNote": "We’re a team of creatives who are excited about unique ideas and help digital and fin-tech companies to create amazing identity by crafting top-notch UI/UX.",
        "footerAboutNote": "We at HSD Media endeavor to convey the best you deserve with your expectations. We are excited to hand our energy over to your requirement.",
        "services": "Services",
        "appDev": "App Development",
        "eCommerce": "eCommerce Solutions",
        "webDev": "Web Development",
        "brandDev": "Brand Development",
        "digitalMarketing": "Digital Marketing",
        "fromBlog": "From our blog",
        "blog1": "How digital Marketing can boost your ROI",
        "blog2": "Right eCommerce platform can help you reach where people spend their time",
        "inTouch": "Get in touch",
        "mobileNum": "+974-50066668",
        "phoneNum": "+974-40063336",
        "address": "Lusail City Twin Towers Marina Tower B Floor 29 Office No : 294 Qatar",
        "email": "info@hsd-qatar.com",
        "timing": "Saturday - Wednesday 8:30 AM to 5:30 PM Thursday 8:30 AM to 2:30 PM",
        "allRights": "All rights reserved © HSD Media 2021"
    }
}
